City_ID,City,Lat,Lng,Max Temp,Humidity,Cloudiness,Wind Speed,Country,Date
0,challapata,-18.9,-66.7667,56.55,40,46,5.32,BO,1730682644
1,vila velha,-20.3297,-40.2925,76.95,91,20,4.61,BR,1730682412
2,margaret river,-33.95,115.0667,61.66,58,27,7.4,AU,1730682646
3,jumla,29.2747,82.1838,43.75,85,9,4.63,NP,1730682647
4,olonkinbyen,70.9221,-8.7187,31.78,100,100,16.55,SJ,1730682649
5,vadso,70.0744,29.7487,32.16,93,100,21.85,NO,1730682650
6,ushuaia,-54.8,-68.3,40.3,93,81,2.82,AR,1730682651
7,tabou,4.423,-7.3528,77.38,88,20,5.7,CI,1730682653
8,san julian,21.0167,-102.1667,62.35,39,4,8.32,MX,1730682654
9,ballina,-28.8667,153.5667,81.12,62,100,12.41,AU,1730682429
10,lebu,-37.6167,-73.65,50.0,90,16,8.34,CL,1730682657
11,tiksi,71.6872,128.8694,-12.53,100,99,4.09,RU,1730682659
12,mermoz boabab,14.7065,-17.4758,80.04,76,0,12.37,SN,1730682661
13,saipan,15.1355,145.701,88.5,74,0,13.8,MP,1730682662
14,manokwari,-0.8667,134.0833,83.5,68,17,5.08,ID,1730682663
15,waitangi,-43.9535,-176.5597,51.82,66,26,3.0,NZ,1730682666
16,georgetown,5.4112,100.3354,82.33,78,20,3.0,MY,1730682668
17,blackmans bay,-43.0167,147.3167,62.53,53,100,5.66,AU,1730682670
18,baiti,13.745,-14.7482,81.43,51,100,4.83,SN,1730682671
19,longyearbyen,78.2186,15.6401,28.24,74,40,8.05,SJ,1730682672
20,puerto natales,-51.7236,-72.4875,40.33,88,53,7.45,CL,1730682674
21,zeribet el oued,34.6828,6.5111,73.38,49,100,7.94,DZ,1730682675
22,grytviken,-54.2811,-36.5092,33.4,80,16,14.76,GS,1730682676
23,alice springs,-23.7,133.8833,87.35,25,100,11.5,AU,1730682678
24,hermanus,-34.4187,19.2345,55.8,62,82,16.58,ZA,1730682679
25,vuktyl,63.8567,57.3094,27.79,87,100,18.37,RU,1730682680
26,monrovia,6.3005,-10.7969,78.08,86,100,8.12,LR,1730682681
27,west island,-12.1568,96.8225,80.58,83,100,14.97,CC,1730682683
28,port-aux-francais,-49.35,70.2167,40.68,87,55,28.99,TF,1730682684
29,howrah,22.5892,88.3103,75.2,100,40,0.0,IN,1730682685
30,la'ie,21.6477,-157.9253,83.59,74,90,7.0,US,1730682686
31,vidigueira,38.1845,-7.7447,61.2,88,100,5.46,PT,1730682688
32,kingston,17.997,-76.7936,81.55,83,20,2.3,JM,1730682689
33,la sarre,48.8002,-79.1996,32.77,92,100,5.95,CA,1730682692
34,sukumo,32.9333,132.7333,70.7,70,51,3.42,JP,1730682693
35,pisco,-13.7,-76.2167,64.45,88,0,16.11,PE,1730682694
36,bilibino,68.0546,166.4372,-8.79,96,29,4.79,RU,1730682696
37,whitehorse,60.7161,-135.0538,29.32,93,9,7.25,CA,1730682697
38,greymouth,-42.4667,171.2,53.78,61,100,4.74,NZ,1730682698
39,severo-yeniseyskiy,60.3725,93.0408,30.69,93,100,8.97,RU,1730682700
40,adamstown,-25.066,-130.1015,69.33,78,100,11.92,PN,1730682701
41,bhadra,29.1167,75.1667,71.17,31,0,3.51,IN,1730682702
42,klaksvik,62.2266,-6.589,51.21,93,43,17.81,FO,1730682555
43,malango,-2.9627,119.9001,72.59,91,97,2.37,ID,1730682704
44,bethel,41.3712,-73.414,41.61,58,0,1.01,US,1730682599
45,amga,60.8953,131.9608,-6.11,95,98,0.56,RU,1730682707
46,dwarka,22.2394,68.9678,80.46,61,0,6.4,IN,1730682708
47,papatowai,-46.5619,169.4708,55.56,67,100,10.2,NZ,1730682710
48,douglas,41.3,-96.167,65.32,83,100,9.22,US,1730682469
49,papao,-17.75,-149.55,83.88,61,22,1.7,PF,1730682419
50,warmbad,-28.45,18.7333,60.57,38,100,13.71,NA,1730682714
51,edinburgh of the seven seas,-37.0676,-12.3116,54.36,71,96,15.75,SH,1730682715
52,tazovsky,67.4667,78.7,26.15,88,98,21.63,RU,1730682716
53,holtville,32.8112,-115.3803,73.27,21,0,10.36,US,1730682718
54,kodiak,57.79,-152.4072,38.71,60,0,6.91,US,1730682719
55,linjiang,41.8069,126.9078,36.18,94,100,4.32,CN,1730682720
56,quellon,-43.1167,-73.6167,47.3,89,96,13.44,CL,1730682721
57,invercargill,-46.4,168.35,61.02,62,100,13.0,NZ,1730682723
58,cekerek,40.0731,35.4947,39.25,81,99,5.77,TR,1730682724
59,soio,-6.1349,12.3689,76.62,92,100,8.46,AO,1730682725
60,isafjordur,66.0755,-23.124,40.14,98,100,10.94,IS,1730682726
61,petropavlovsk-kamchatsky,53.0452,158.6483,30.79,34,0,2.24,RU,1730682728
62,hamilton,39.1834,-84.5333,68.85,67,75,13.8,US,1730682729
63,aasiaat,68.7098,-52.8699,19.67,84,100,2.15,GL,1730682730
64,iqaluit,63.7506,-68.5145,15.53,78,75,8.05,CA,1730682732
65,manggar,-2.8833,108.2667,84.51,66,89,3.83,ID,1730682733
66,usogorsk,63.4106,48.6872,25.02,84,80,9.08,RU,1730682734
67,paea,-17.6833,-149.5833,83.91,65,0,6.91,PF,1730682735
68,nizhniy odes,63.6445,54.856,27.57,84,100,14.34,RU,1730682737
69,santo antonio do sudoeste,-26.0736,-53.7253,65.41,94,95,9.1,BR,1730682738
70,albany,42.6001,-73.9662,36.34,71,14,1.23,US,1730682539
71,barclayville,4.6797,-8.2339,75.88,91,9,4.92,LR,1730682740
72,port saint john's,-31.6229,29.5448,67.46,89,100,9.93,ZA,1730682741
73,la grande,45.3246,-118.0877,40.98,91,100,6.58,US,1730682742
74,gadzhiyevo,69.2551,33.3362,36.28,67,100,24.32,RU,1730682744
75,puerto carreno,6.189,-67.4859,78.58,88,100,6.15,CO,1730682745
76,boende,-0.2167,20.8667,70.12,99,100,2.15,CD,1730682746
77,onega,63.9061,38.1404,29.21,82,85,9.26,RU,1730682748
78,plastun,44.7561,136.2939,37.92,89,80,3.06,RU,1730682750
79,puerto san jose,13.9256,-90.8244,79.74,82,67,5.17,GT,1730682752
80,woodlake,37.4211,-77.6793,49.75,82,9,5.08,US,1730682753
81,ghat,24.9647,10.1728,72.0,33,0,2.42,LY,1730682755
82,kill devil hills,36.0307,-75.676,61.99,75,75,9.22,US,1730682757
83,vorgashor,67.5833,63.95,23.45,90,100,15.73,RU,1730682758
84,hawaiian paradise park,19.5933,-154.9731,80.11,81,100,9.22,US,1730682759
85,n'zeto,-7.2312,12.8666,77.54,89,100,10.02,AO,1730682761
86,cabo san lucas,22.8909,-109.9124,73.76,61,40,18.41,MX,1730682670
87,yellowknife,62.456,-114.3525,28.42,100,93,7.56,CA,1730682763
88,el granada,37.5027,-122.4694,63.79,64,0,18.41,US,1730682765
89,punta arenas,-53.15,-70.9167,46.51,81,0,10.36,CL,1730682766
90,bamboo flat,11.7,92.7167,78.89,89,40,2.3,IN,1730682767
91,saint-pierre,-21.3393,55.4781,73.08,68,0,5.75,RE,1730682768
92,kadod,21.2167,73.2333,74.01,56,0,4.76,IN,1730682770
93,auna,10.1881,4.7232,74.26,41,3,5.17,NG,1730682771
94,atafu village,-8.5421,-172.5159,83.23,72,91,10.33,TK,1730682772
95,taltal,-25.4,-70.4833,63.34,73,0,6.4,CL,1730682775
96,poronaysk,49.2167,143.1167,34.66,54,100,3.51,RU,1730682776
97,hazorasp,41.3194,61.0742,62.56,41,31,7.9,UZ,1730682778
98,galliano,29.4422,-90.2992,77.0,83,40,5.75,US,1730682779
99,puerto ayora,-0.7393,-90.3518,68.13,75,8,11.27,EC,1730682780
100,mohr,54.3528,9.7167,51.89,85,8,6.91,DE,1730682781
101,ilulissat,69.2167,-51.1,26.62,68,100,17.27,GL,1730682783
102,susuman,62.7833,148.1667,-0.36,93,100,3.13,RU,1730682784
103,enewetak,11.3474,162.3373,83.19,72,100,3.89,MH,1730682785
104,acarau,-2.8856,-40.12,77.54,79,97,18.61,BR,1730682787
105,takoradi,4.8845,-1.7554,78.49,82,6,2.68,GH,1730682788
106,new norfolk,-42.7826,147.0587,63.72,45,100,9.15,AU,1730682789
107,palangkaraya,-2.2,113.8333,74.44,96,100,1.54,ID,1730682791
108,sovetskaya gavan',48.9723,140.2878,35.56,95,100,5.93,RU,1730682792
109,salinas,36.6777,-121.6555,58.84,79,0,3.44,US,1730682793
110,polyarnyy,69.1989,33.4478,36.39,66,100,24.72,RU,1730682794
111,pudozh,61.8099,36.5345,25.11,96,67,2.26,RU,1730682796
112,smithers,54.7804,-127.1743,34.48,95,100,2.3,CA,1730682531
113,udachny,66.4167,112.4,-20.09,100,84,5.17,RU,1730682798
114,praia da vitoria,38.7333,-27.0667,63.21,85,8,7.63,PT,1730682799
115,jamestown,42.097,-79.2353,51.44,37,0,8.05,US,1730682801
116,thompson,55.7435,-97.8558,36.16,98,100,5.82,CA,1730682802
117,ribeira grande,38.5167,-28.7,67.77,85,17,11.99,PT,1730682803
118,yauya,-8.9833,-77.3,51.37,75,100,4.88,PE,1730682804
119,crane,31.3974,-102.3501,74.12,22,0,15.86,US,1730682805
120,kone,-21.0595,164.8658,86.77,38,100,3.15,NC,1730682806
121,holualoa,19.6228,-155.9522,78.64,91,0,9.22,US,1730682808
122,ebon,4.582,168.6964,83.25,70,100,8.14,MH,1730682809
123,utrik,11.2278,169.8474,79.88,82,100,7.09,MH,1730682810
124,nova vicosa,-17.8919,-39.3719,74.91,83,100,8.72,BR,1730682812
125,riosucio,5.4216,-75.7032,59.07,98,100,2.62,CO,1730682813
126,watsa,3.0372,29.5355,63.3,98,98,1.28,CD,1730682814
127,bredasdorp,-34.5322,20.0403,57.27,49,100,14.45,ZA,1730682815
128,mazidagi,37.4775,40.4881,47.1,92,100,3.6,TR,1730682818
129,chulakkurgan,43.765,69.1814,57.81,44,100,14.67,KZ,1730682819
130,uliastay,47.7417,96.8444,17.76,69,7,6.08,MN,1730682820
131,torghay,49.6339,63.4981,35.49,75,100,6.22,KZ,1730682822
132,kristiansund,63.1115,7.732,47.12,93,75,3.44,NO,1730682823
133,kroya,-7.6331,109.2461,78.42,82,99,1.72,ID,1730682824
134,senador guiomard,-10.1522,-67.7392,73.85,89,100,4.14,BR,1730682825
135,yuzhno-kurilsk,44.0306,145.8556,44.06,94,100,14.81,RU,1730682827
136,colonia,50.9333,6.95,43.25,92,0,4.61,DE,1730682828
137,happy valley-goose bay,53.3168,-60.3315,29.16,59,53,11.18,CA,1730682830
138,chernyshevsk,52.5243,117.0174,15.55,76,96,0.54,RU,1730682832
139,vila franca do campo,37.7167,-25.4333,64.89,99,31,7.72,PT,1730682833
140,sumbawa besar,-8.5,117.4333,91.87,46,49,4.61,ID,1730682834
141,pali,25.7667,73.3333,74.44,39,0,2.95,IN,1730682835
142,nouadhibou,20.931,-17.0347,66.18,88,10,10.36,MR,1730682836
143,borogontsy,62.6683,131.1683,-3.39,94,97,1.7,RU,1730682837
144,puerto baquerizo moreno,-0.9,-89.6,68.29,74,73,13.24,EC,1730682839
145,mentougou,39.9392,116.0917,44.8,25,0,7.81,CN,1730682840
146,siwa oasis,29.2041,25.5195,65.52,72,0,7.16,EG,1730682841
147,tannum sands,-23.9504,151.3693,84.74,61,20,10.36,AU,1730682843
148,ketchikan,55.3422,-131.6461,44.58,86,100,6.53,US,1730682844
149,vorkuta,67.5,64.0,23.83,90,100,14.36,RU,1730682845
150,tyazhinskiy,56.116,88.524,43.11,85,100,10.83,RU,1730682846
151,wailua homesteads,22.0669,-159.378,81.39,79,20,12.66,US,1730682794
152,nar'yan-mar,67.6713,53.087,28.85,81,100,14.65,RU,1730682849
153,san mariano,7.5,126.0,82.09,76,100,3.38,PH,1730682850
154,kapa'a,22.0752,-159.319,82.72,77,20,12.66,US,1730682852
155,mount gambier,-37.8333,140.7667,64.18,44,3,10.0,AU,1730682853
156,aktau,43.65,51.2,41.58,61,100,14.05,KZ,1730682854
157,mandan,46.8267,-100.8896,49.98,99,100,9.22,US,1730682856
158,feuchtwangen,49.1667,10.3333,35.58,95,7,1.01,DE,1730682857
159,qaqortoq,60.7167,-46.0333,29.44,73,2,24.96,GL,1730682858
160,charcas,23.1333,-101.1167,67.46,29,31,11.52,MX,1730682860
161,mount isa,-20.7333,139.5,96.57,30,100,13.8,AU,1730682861
162,abatskoye,56.2875,70.4555,30.78,61,100,14.03,RU,1730682862
163,satsuma,30.8532,-88.0561,75.22,78,0,8.28,US,1730682864
164,padrauna,26.9025,83.9819,72.86,62,0,3.09,IN,1730682865
165,codrington,-38.2667,141.9667,61.23,57,99,11.43,AU,1730682866
166,ishigaki,24.3448,124.1572,79.21,71,89,19.55,JP,1730682868
167,tolanaro,-25.0319,46.9987,73.58,87,2,11.48,MG,1730682869
168,eilat,29.5581,34.9482,67.77,49,0,4.65,IL,1730682870
169,hotan,37.0997,79.9269,49.24,34,6,0.31,CN,1730682871
170,mildura,-34.2,142.15,70.07,45,0,9.22,AU,1730682873
171,liaoyuan,42.9036,125.1358,36.41,66,98,13.76,CN,1730682874
172,college,64.8569,-147.8028,24.75,82,100,5.75,US,1730682875
173,san martin,-33.081,-68.4681,74.68,50,0,15.28,AR,1730682877
174,nalgonda,17.05,79.2667,71.49,89,15,3.42,IN,1730682878
175,levuka,50.1834,-105.4011,42.69,55,71,8.21,CA,1730682879
176,castillos,-34.1667,-53.8333,64.53,92,100,11.25,UY,1730682881
177,talnakh,69.4865,88.3972,20.28,94,100,18.7,RU,1730682882
178,port elizabeth,-33.918,25.5701,59.31,98,100,7.0,ZA,1730682885
179,fortuna,40.5982,-124.1573,54.93,83,0,12.66,US,1730682887
180,ocean shores,46.9737,-124.1563,54.01,89,100,1.99,US,1730682722
181,trairi,-3.2778,-39.2689,77.25,77,94,13.42,BR,1730682890
182,bandarbeyla,9.4942,50.8122,78.03,80,88,6.42,SO,1730682891
183,lata,40.1629,-8.3327,60.08,66,100,4.61,PT,1730682893
184,carnarvon,-24.8667,113.6333,71.73,67,9,15.14,AU,1730682894
185,murudeshwara,14.0943,74.4845,82.99,57,0,4.27,IN,1730682895
186,sosnovka,56.255,51.2842,26.47,87,93,8.77,RU,1730682896
187,howard springs,-12.497,131.047,89.87,67,15,5.57,AU,1730682898
188,oliver,49.1831,-119.5524,40.71,72,61,1.7,CA,1730682899
189,tura,25.5198,90.2201,68.63,85,0,3.09,IN,1730682612
190,florence,43.7667,11.25,59.23,79,0,3.15,IT,1730682901
191,east london,-33.0153,27.9116,64.29,86,100,14.03,ZA,1730682903
192,sihanoukville,10.6093,103.5296,84.15,79,40,3.44,KH,1730682904
193,pasuquin,18.3328,120.6177,78.75,89,75,6.91,PH,1730682905
194,bath,51.3779,-2.3591,51.64,90,0,5.17,GB,1730682907
195,amahai,-3.3333,128.9167,82.81,71,64,2.04,ID,1730682908
196,jaru,-10.4389,-62.4664,71.04,94,100,0.58,BR,1730682909
197,st. john's,47.5649,-52.7093,36.16,74,96,4.0,CA,1730682910
198,zeya,53.75,127.2667,19.56,62,9,3.85,RU,1730682912
199,magadan,59.5667,150.8,15.33,66,33,10.54,RU,1730682913
200,aykhal,66.0,111.5,-11.74,100,68,6.8,RU,1730682914
201,nakur,29.9167,77.3,65.14,61,0,1.48,IN,1730682916
202,hithadhoo,-0.6,73.0833,81.73,73,100,9.93,MV,1730682917
203,lesnoy,57.6198,63.0784,28.09,66,100,15.75,RU,1730682918
204,georgievka,49.3314,81.5761,43.07,64,100,17.11,KZ,1730682919
205,pariaman,-0.619,100.12,78.85,78,100,2.55,ID,1730682921
206,nova sintra,14.8667,-24.7167,80.01,78,28,8.88,CV,1730682922
207,lerwick,60.1545,-1.1494,52.39,89,100,7.63,GB,1730682923
208,mil'kovo,55.6078,37.7956,33.35,61,100,11.9,RU,1730682924
209,nampula,-15.1165,39.2666,73.35,88,40,5.75,MZ,1730682925
210,lianzhou,24.7811,112.3825,64.4,93,100,2.73,CN,1730682927
211,at taj,24.2049,23.2857,59.83,54,0,8.21,LY,1730682928
212,mathba,22.2855,89.9629,72.3,84,0,4.14,BD,1730682929
213,christchurch,-43.5333,172.6333,71.42,45,6,9.22,NZ,1730682930
214,belokany,41.7258,46.4083,50.09,57,100,3.33,AZ,1730682932
215,north bend,43.4065,-124.2243,53.51,82,0,6.91,US,1730682933
216,yulinshi,38.2906,109.7494,38.23,44,0,4.21,CN,1730682934
217,souillac,-20.5167,57.5167,71.98,88,40,1.14,MU,1730682936
218,isangel,-19.55,169.2667,80.71,69,75,11.5,VU,1730682937
219,sao joao da barra,-21.6403,-41.0511,74.17,86,100,13.11,BR,1730682938
220,barra do garcas,-15.89,-52.2567,71.26,94,100,1.21,BR,1730682939
221,tamanrasset,22.785,5.5228,60.71,36,0,3.44,DZ,1730682941
222,san roque,36.2107,-5.3842,65.23,88,100,16.11,ES,1730682942
223,alaghsas,17.0187,8.0168,73.94,23,2,8.84,NE,1730682943
224,togur,58.3631,82.8265,40.78,95,100,5.12,RU,1730682946
225,remire-montjoly,4.9167,-52.2667,80.64,83,0,9.22,GF,1730682947
226,akureyri,65.6835,-18.0878,51.73,71,75,21.85,IS,1730682949
227,kabare,-2.4683,28.8242,60.35,92,100,2.8,CD,1730682950
228,richards bay,-28.783,32.0377,71.26,90,66,6.08,ZA,1730682951
229,zouerate,22.7187,-12.4521,78.39,24,4,7.34,MR,1730682953
230,sao lourenco do sul,-31.3653,-51.9783,70.3,94,34,6.73,BR,1730682954
231,iskateley,67.6803,53.1512,28.99,80,100,14.9,RU,1730682955
232,lloydminster,53.2835,-110.0016,30.42,74,0,10.36,CA,1730682956
233,badger,64.8,-147.5333,24.67,83,100,5.75,US,1730682958
234,hwange,-18.3693,26.5019,77.36,42,42,2.64,ZW,1730682959
235,budva,42.2864,18.84,42.75,100,0,1.14,ME,1730682960
236,beira,-19.8436,34.8389,73.49,83,20,4.83,MZ,1730682962
237,kerikeri,-35.2268,173.9474,63.95,47,19,8.97,NZ,1730682963
238,dampit,-8.2116,112.7493,75.09,88,100,2.44,ID,1730682964
239,chonchi,-42.6128,-73.8092,46.11,95,100,7.87,CL,1730682965
240,lorengau,-2.0226,147.2712,83.98,71,100,7.07,PG,1730682967
241,as samawah,31.332,45.2944,76.51,30,40,8.03,IQ,1730682968
242,hassi messaoud,31.6804,6.0729,69.66,52,40,9.22,DZ,1730682969
243,malpica,43.3228,-8.8105,61.38,94,4,6.67,ES,1730682970
244,darwin,-12.4611,130.8418,89.94,62,40,4.61,AU,1730682719
245,as saffaniyah,27.9708,48.73,75.67,61,6,6.24,SA,1730682973
246,tazacorte,28.629,-17.9293,70.77,60,0,5.75,ES,1730683088
247,kapuskasing,49.4169,-82.4331,37.4,93,100,8.05,CA,1730683089
248,manaure,11.7751,-72.4445,79.68,79,100,5.84,CO,1730683090
249,kushiro,42.975,144.3747,45.55,81,75,3.44,JP,1730683091
250,kodoli,16.8833,74.2,70.18,76,35,4.61,IN,1730683092
251,turtas,58.9417,69.1325,27.43,64,82,17.0,RU,1730683093
252,jijel,36.8205,5.7667,66.15,63,0,3.44,DZ,1730683095
253,zaozersk,69.4005,32.4476,34.74,70,100,21.97,RU,1730683096
254,qarazhal,48.0078,70.7903,49.68,59,100,16.78,KZ,1730683098
255,dodoma,-6.1722,35.7395,68.97,69,81,5.53,TZ,1730683099
256,guimar,28.3039,-16.4325,67.82,74,100,1.01,ES,1730683101
257,itaituba,-4.2761,-55.9836,88.32,45,100,3.38,BR,1730683102
258,uturoa,-16.7333,-151.4333,79.05,65,10,3.09,PF,1730683103
259,bubaque,11.2833,-15.8333,82.83,74,96,7.23,GW,1730683104
260,taperoa,-7.2075,-36.8267,70.57,73,5,18.77,BR,1730683106
261,vilyuchinsk,52.9306,158.4028,34.07,56,86,8.28,RU,1730683107
262,ma'rib,15.4591,45.3253,68.7,26,5,4.43,YE,1730683108
263,zaragoza,41.6561,-0.8773,59.02,85,75,3.0,ES,1730683109
264,nemuro,43.3236,145.575,53.37,77,100,19.93,JP,1730683111
265,lagos,6.5833,3.75,76.73,87,4,2.44,NG,1730683112
266,mount pearl,47.5166,-52.7813,35.33,73,40,9.22,CA,1730683113
267,arawa,-6.2132,155.5367,88.88,60,66,4.52,PG,1730683116
268,harper,4.375,-7.7169,76.91,89,1,6.51,LR,1730683117
269,hami,42.8,93.45,44.8,39,11,7.92,CN,1730683118
270,rongelap,11.1635,166.8941,80.31,84,100,7.38,MH,1730683119
271,sinabang,2.4803,96.3801,80.01,80,100,0.69,ID,1730683120
272,hadibu,12.65,54.0333,78.53,84,20,2.64,YE,1730683121
273,kutaisi,42.2496,42.6997,43.57,100,75,2.3,GE,1730683122
274,nuku'alofa,-21.1333,-175.2,71.94,94,75,16.11,TO,1730683124
275,labrador city,52.9463,-66.9114,26.51,68,100,9.22,CA,1730683125
276,griffith,41.5284,-87.4237,64.26,62,100,13.8,US,1730683126
277,lucas,41.6501,-83.6666,57.94,67,40,9.22,US,1730683128
278,benghazi,32.1167,20.0667,67.82,64,0,10.92,LY,1730683129
279,rio grande,-32.035,-52.0986,69.26,98,98,8.59,BR,1730683130
280,stanley,54.868,-1.6985,46.42,88,75,3.44,GB,1730683131
281,priob'ye,62.5206,65.5964,28.96,94,100,17.78,RU,1730683132
282,port mathurin,-19.6833,63.4167,75.0,75,56,15.99,MU,1730683134
283,meadow lake,34.8014,-106.5436,48.67,61,100,9.26,US,1730683135
284,wamba,8.9333,8.6,70.97,42,43,4.09,NG,1730683136
285,sierra grande,-41.606,-65.3557,64.94,49,100,28.92,AR,1730683137
286,weno,7.4515,151.8468,84.15,75,20,11.5,FM,1730683138
287,sorong,-0.8833,131.25,83.52,75,100,8.86,ID,1730683140
288,helensburgh,56.0061,-4.7265,49.93,87,100,1.39,GB,1730683141
289,pacora,9.0833,-79.2833,80.2,89,40,16.11,PA,1730683142
290,camana,-16.6228,-72.7111,65.93,83,72,9.13,PE,1730683144
291,chibougamau,49.9168,-74.3659,28.02,93,0,4.61,CA,1730683145
292,zhangatas,43.5667,69.75,61.03,33,100,19.22,KZ,1730683146
293,laguna,38.421,-121.4238,66.38,40,0,17.27,US,1730683148
294,ust-nera,64.5667,143.2,-7.42,99,98,5.3,RU,1730683149
295,constantia,44.1833,28.65,30.88,47,0,10.87,RO,1730683150
296,mahibadhoo,3.7833,72.9667,81.46,76,39,12.55,MV,1730683151
297,porto novo,6.4965,2.6036,77.77,85,8,2.13,BJ,1730683153
298,urangan,-25.3,152.9,73.33,75,57,10.25,AU,1730683154
299,parun,35.4207,70.9221,34.75,45,3,13.18,AF,1730683155
300,nikolayevsk-on-amure,53.1406,140.73,26.15,63,100,3.22,RU,1730683156
301,selfoss,63.9331,-20.9971,51.04,98,100,20.56,IS,1730683158
302,puerto ayacucho,5.6639,-67.6236,81.46,77,99,1.97,VE,1730683159
303,san antonio de pale,-1.4014,5.6325,77.67,82,99,9.26,GQ,1730683160
304,sipalay,9.75,122.5,83.23,76,100,5.23,PH,1730683162
305,karratha,-20.7377,116.8463,98.02,18,0,9.66,AU,1730683163
306,kulhudhuffushi,6.6221,73.07,82.22,74,100,8.48,MV,1730683166
307,broken hill,-31.95,141.4333,75.04,30,18,10.69,AU,1730683167
308,afaahiti,-17.75,-149.2833,77.09,63,60,0.63,PF,1730683168
309,shache,38.4167,77.2406,47.71,42,0,2.01,CN,1730683170
310,tsiombe,-25.3,45.4833,73.18,85,28,16.37,MG,1730683171
311,olinda,-8.0089,-34.8553,80.33,69,40,12.66,BR,1730683172
312,medina,24.4686,39.6142,75.63,50,0,5.75,SA,1730683173
313,salinopolis,-0.6136,-47.3561,80.13,77,1,14.85,BR,1730683175
314,novodvinsk,64.4165,40.8122,28.15,92,84,7.43,RU,1730683176
315,crucecita,-28.95,-58.9833,74.21,87,0,8.39,AR,1730683177
316,flying fish cove,-10.4217,105.6791,80.28,94,75,12.66,CX,1730683178
317,juneau,58.3019,-134.4197,42.8,95,100,9.22,US,1730683180
318,pathein,16.7833,94.7333,77.67,84,59,4.05,MM,1730683181
319,springbok,-29.6643,17.8865,49.46,71,97,6.62,ZA,1730683182
320,yuanping,38.7153,112.7575,38.21,33,0,6.4,CN,1730683184
321,petauke,-14.2426,31.3253,72.81,63,75,3.78,ZM,1730683185
322,nishinoomote,30.7333,131.0,73.96,83,75,5.75,JP,1730683186
323,pizarro,4.9533,-77.366,76.8,88,100,6.31,CO,1730683188
324,san patricio,28.017,-97.5169,80.55,76,35,18.54,US,1730683189
325,khovd,48.0056,91.6419,27.52,66,100,1.16,MN,1730683190
326,cockburn town,21.4612,-71.1419,81.68,77,50,7.63,TC,1730683191
327,bokoro,12.3807,17.0568,78.3,25,66,11.34,TD,1730683193
328,fort mcmurray,56.7268,-111.381,31.51,100,100,3.44,CA,1730683194
329,bardai,11.65,7.2333,66.09,28,15,8.77,NG,1730683195
330,assare,-6.8744,-39.875,78.22,36,0,4.07,BR,1730683196
331,atbara,17.7022,33.9864,72.5,24,5,15.82,SD,1730683197
332,nyurba,63.2842,118.3319,-9.74,100,66,2.13,RU,1730683199
333,saint-philippe,-21.3585,55.7679,73.44,85,40,7.99,RE,1730683200
334,qamdo,31.1667,97.2333,34.2,61,100,4.65,CN,1730683201
335,kourou,5.1552,-52.6478,79.95,84,40,9.19,GF,1730683202
336,port douglas,-16.4833,145.4667,80.22,63,84,12.66,AU,1730683203
337,dunedin,-45.8742,170.5036,51.8,90,100,6.64,NZ,1730683204
338,zielona gora,51.9355,15.5064,41.02,43,100,8.14,PL,1730683205
339,okha,53.5739,142.9478,29.75,56,75,14.76,RU,1730683165
340,al jawf,29.5,38.75,60.04,52,0,6.62,SA,1730683209
341,keflavik,64.0049,-22.5624,50.43,100,100,26.46,IS,1730683210
342,svetlyy,54.675,20.1347,46.98,68,68,14.7,RU,1730683211
343,weinbohla,51.1667,13.5667,40.44,100,0,4.61,DE,1730683212
344,inhapi,-9.2214,-37.7486,70.81,67,0,10.94,BR,1730683213
345,kuusamo,65.9667,29.1833,21.24,93,0,6.91,FI,1730683215
346,okhotsk,59.3833,143.3,18.01,64,100,11.63,RU,1730683216
347,lompoc,34.6391,-120.4579,60.69,68,0,21.85,US,1730683217
348,nicoya,10.1483,-85.452,73.81,96,100,3.06,CR,1730683218
349,dudinka,69.4058,86.1778,25.99,92,100,29.93,RU,1730683219
350,lazaro cardenas,17.9583,-102.2,80.62,78,27,3.42,MX,1730683221
351,kiruna,67.8557,20.2251,25.72,68,35,9.22,SE,1730683222
352,el calafate,-50.3408,-72.2768,44.44,74,79,6.8,AR,1730683223
353,cruzeiro do sul,-29.5128,-51.9853,70.48,92,29,2.35,BR,1730683224
354,inhambane,-23.865,35.3833,73.53,82,0,10.02,MZ,1730683225
355,flin flon,54.7682,-101.865,36.25,90,69,4.14,CA,1730683226
356,fale old settlement,-9.3852,-171.2468,83.07,74,98,11.5,TK,1730683228
357,kavaratti,10.5669,72.642,82.15,75,77,5.19,IN,1730683229
358,porangatu,-13.4408,-49.1486,73.8,92,100,3.11,BR,1730683230
359,palmer,42.1584,-72.3287,36.84,62,20,3.44,US,1730683233
360,whakatane,-37.9585,176.9854,57.18,49,100,8.28,NZ,1730683234
361,anadyr,64.75,177.4833,18.1,72,75,22.37,RU,1730683236
362,bratske,47.865,31.5731,37.54,46,100,15.5,UA,1730683238
363,port alfred,-33.5906,26.891,60.19,93,100,1.99,ZA,1730683239
364,port-vila,-17.7338,168.3219,80.2,61,40,16.11,VU,1730683240
365,newman,37.3138,-121.0208,65.03,41,0,14.0,US,1730683241
366,kirakira,-10.4544,161.9205,85.95,73,39,7.47,SB,1730683243
367,necochea,-38.5473,-58.7368,58.32,69,100,19.01,AR,1730683244
368,buritis,-15.6178,-46.4233,70.36,95,100,3.11,BR,1730683245
369,la passe,45.5549,-0.8967,57.63,91,86,9.17,FR,1730683246
370,kiunga,-6.1219,141.2906,84.99,66,97,3.53,PG,1730683248
371,santiago de cao,-7.9589,-79.2392,62.73,88,40,12.66,PE,1730683250
372,berrahal,36.8353,7.4533,65.79,78,0,1.1,DZ,1730683251
373,chatham,51.3789,0.5279,53.11,71,0,1.01,GB,1730683252
374,laoang,12.5,125.0167,82.09,81,55,3.13,PH,1730683254
375,nahiyat al fuhud,30.9697,46.7228,73.26,67,22,5.06,IQ,1730683255
376,nagqu,31.5,92.0,24.51,40,82,3.44,CN,1730683256
377,lihue,21.9789,-159.3672,81.99,71,20,12.66,US,1730683258
378,chimbote,-9.0853,-78.5783,65.17,85,79,10.71,PE,1730683259
379,la ronge,55.1001,-105.2842,34.05,86,100,11.5,CA,1730683260
380,pauini,-7.7136,-66.9764,72.37,97,100,5.41,BR,1730683263
381,hasaki,35.7333,140.8333,69.94,57,0,9.8,JP,1730683264
382,port lincoln,-34.7333,135.8667,64.02,59,47,3.83,AU,1730683265
383,queenstown,-31.8976,26.8753,58.14,88,93,5.19,ZA,1730683266
384,narvik,68.4384,17.4272,32.25,93,100,10.98,NO,1730683268
385,egersund,58.4513,5.9997,48.36,91,0,6.85,NO,1730683270
386,moranbah,-22.0016,148.0466,88.84,27,80,11.7,AU,1730683271
387,xiaoweizhai,26.1903,107.5125,62.91,70,98,4.12,CN,1730683273
388,menaka,15.9182,2.4022,79.11,18,0,10.11,ML,1730683274
389,aoulef,26.9667,1.0833,78.1,17,100,5.37,DZ,1730683275
390,belyy yar,53.6039,91.3903,30.09,93,100,0.0,RU,1730683277
391,ust'-uda,54.1742,103.0304,16.11,85,28,2.01,RU,1730683278
392,jalai nur,49.45,117.7,26.06,48,100,14.05,CN,1730683279
393,al qaryatayn,34.2296,37.2407,55.67,79,0,3.53,SY,1730683280
394,luderitz,-26.6481,15.1594,59.56,66,98,23.4,NA,1730683282
395,tindouf,27.6711,-8.1474,68.45,30,0,4.61,DZ,1730683283
396,ar ruways,24.1103,52.7306,78.4,71,0,6.4,AE,1730683284
397,puchezh,56.9788,43.1676,30.24,78,100,6.76,RU,1730683285
398,tanumah,27.1,44.1333,73.35,48,11,2.62,SA,1730683286
399,saynshand,44.8824,110.1163,27.19,26,100,7.45,MN,1730683288
400,napier,-39.4833,176.9167,60.28,45,94,7.0,NZ,1730683289
401,valdivia,-39.8142,-73.2459,51.89,99,14,3.22,CL,1730683290
402,mariental,-24.6333,17.9667,67.51,25,7,11.61,NA,1730683291
403,pitimbu,-7.4706,-34.8086,76.69,72,48,13.0,BR,1730683292
404,alvorada,-12.48,-49.1247,75.2,88,100,7.31,BR,1730683294
405,ilebo,-4.3167,20.5833,69.53,99,100,1.1,CD,1730683295
406,muynoq,43.7683,59.0214,49.78,72,100,20.65,UZ,1730683296
407,maple glen,40.0156,-79.9767,56.17,64,81,5.03,US,1730683298
408,bolivar,37.6145,-93.4105,62.94,92,100,12.8,US,1730683299
409,klyuchi,52.2667,79.1667,44.8,75,41,19.13,RU,1730683300
410,qorovulbozor,39.5006,64.7936,65.55,38,100,9.24,UZ,1730683301
411,leh,34.1667,77.5833,31.68,44,0,3.13,IN,1730683303
412,el rama,12.1596,-84.2195,74.37,95,92,2.26,NI,1730683304
413,lucea,18.451,-78.1736,80.46,76,26,18.12,JM,1730683305
414,akrehamn,59.2667,5.1833,50.25,100,100,4.61,NO,1730683307
415,bermeo,43.4209,-2.7215,63.82,82,99,8.79,ES,1730683308
416,churapcha,62.0025,132.4325,-1.95,91,100,2.13,RU,1730683309
417,egilsstadir,65.2653,-14.3948,49.91,76,97,17.27,IS,1730683310
418,ostersund,63.1792,14.6357,36.61,83,75,18.41,SE,1730683311
419,mata-utu,-13.2816,-176.1745,83.19,77,96,9.4,WF,1730683313
420,uacu cungo,-11.3634,15.1208,64.11,96,100,1.77,AO,1730683314
421,kruisfontein,-34.0033,24.7314,57.78,85,100,15.79,ZA,1730683315
422,pemangkat,1.1667,108.9667,81.37,76,71,2.91,ID,1730683316
423,leeton,-34.5667,146.4,73.09,28,100,3.85,AU,1730683317
424,al bardiyah,31.7561,25.0865,66.13,74,0,9.62,LY,1730683318
425,buala,-8.145,159.5921,84.99,72,99,3.06,SB,1730683319
426,tosontsengel,48.7567,98.2839,8.65,96,53,0.76,MN,1730683320
427,marsh harbour,26.5412,-77.0636,76.71,79,1,22.28,BS,1730683322
428,nantucket,41.2835,-70.0995,44.15,70,0,4.61,US,1730683323
429,ta`u,-14.2336,-169.5144,81.61,81,100,12.91,AS,1730683324
430,kashgar,39.4547,75.9797,49.21,46,0,11.18,CN,1730683325
431,kuqa,41.7278,82.9364,45.93,52,0,0.58,CN,1730683326
432,taro,-8.3862,115.28,80.73,66,44,2.44,ID,1730683327
433,talodi,10.6325,30.3797,75.29,26,14,6.06,SD,1730683328
434,viedma,-40.8135,-62.9967,68.09,34,99,21.03,AR,1730683329
435,chenaran,36.6455,59.1212,60.1,40,29,1.3,IR,1730683330
436,penzance,50.1186,-5.5371,53.76,86,17,9.86,GB,1730683332
437,rikaze,29.25,88.8833,39.81,59,6,2.3,CN,1730683333
438,forster,-32.1667,152.5167,87.39,63,99,11.88,AU,1730683334
439,sinop,41.7711,34.8709,39.24,79,90,0.92,TR,1730683335
440,ghanzi,-21.5667,21.7833,73.11,35,13,2.8,BW,1730683336
441,shihezi,44.3,86.0333,43.09,65,100,5.12,CN,1730683337
442,cherlak,54.155,74.8055,39.61,92,100,6.02,RU,1730683338
443,vernon,50.2581,-119.2691,43.75,85,86,1.14,CA,1730683340
444,oulainen,64.2667,24.8,30.24,80,8,5.21,FI,1730683292
445,puerto armuelles,8.2833,-82.8667,76.08,92,100,5.01,PA,1730683342
446,kelibia,36.8476,11.0939,64.65,94,20,0.0,TN,1730683344
447,kui buri,12.0828,99.8543,80.1,80,100,9.26,TH,1730683345
448,touros,-5.1989,-35.4608,76.91,74,81,14.34,BR,1730683346
449,guerrero negro,27.9769,-114.0611,63.39,66,62,18.41,MX,1730683347
450,al miqdadiyah,33.9786,44.9369,68.09,79,0,6.29,IQ,1730683349
451,mangrol,21.1167,70.1167,78.42,53,3,7.94,IN,1730683350
452,san justo,-30.7891,-60.5919,74.98,81,37,3.0,AR,1730683351
453,condoto,5.0935,-76.6497,73.83,98,100,2.66,CO,1730683352
454,westport,41.1415,-73.3579,44.2,72,0,5.75,US,1730683354
455,guledagudda,16.05,75.8,72.01,80,0,6.55,IN,1730683355
456,raduzhny,62.0961,77.475,28.63,75,100,20.09,RU,1730683356
457,shenjiamen,29.9576,122.298,67.84,75,94,11.14,CN,1730683358
458,axim,4.8699,-2.2405,78.17,84,22,2.53,GH,1730683359
459,antalaha,-14.9003,50.2788,73.31,86,38,5.73,MG,1730683360
460,bulolo,-7.2,146.65,85.77,56,100,3.67,PG,1730683362
461,opuwo,-18.0607,13.84,69.03,33,81,3.29,NA,1730683363
462,puerto maldonado,-12.6,-69.1833,72.5,98,100,2.62,PE,1730683364
463,nchelenge,-9.3451,28.734,70.97,82,100,4.56,ZM,1730683365
464,berezovo,63.9381,65.0419,26.22,96,100,6.31,RU,1730683367
465,ekibastuz,51.6667,75.3667,51.13,53,100,17.52,KZ,1730683368
466,frenda,35.0654,1.0495,57.56,65,0,12.73,DZ,1730683369
467,taulaga,-11.0553,-171.0883,82.87,74,56,11.3,AS,1730683371
468,voskresenskoye,56.8381,45.4317,25.95,91,64,3.51,RU,1730683372
469,tongouson,5.0214,120.1328,82.36,79,100,5.84,PH,1730683373
470,hood river,45.7054,-121.5215,53.29,70,0,13.0,US,1730683374
471,alotau,-10.3069,150.4462,82.4,83,92,5.37,PG,1730683375
472,ocean city,39.2776,-74.5746,50.99,64,47,7.0,US,1730683142
473,vilyuysk,63.7553,121.6247,-2.72,98,93,2.55,RU,1730683380
474,new plymouth,-39.0667,174.0833,55.31,100,99,11.34,NZ,1730683364
475,sitka,57.0531,-135.33,46.29,76,100,8.05,US,1730683382
476,carrefour,18.5411,-72.3992,79.16,82,100,2.93,HT,1730683383
477,margate,51.3813,1.3862,50.88,83,4,8.46,GB,1730683384
478,shizunai-furukawacho,42.3339,142.3669,57.13,74,100,15.5,JP,1730683385
479,dolores,-36.3132,-57.6792,60.94,84,100,10.16,AR,1730683387
480,san andres,12.5847,-81.7006,84.22,79,40,2.3,CO,1730683388
481,kavieng,-2.5744,150.7967,84.13,72,100,7.92,PG,1730683389
482,mar del plata,-38.0023,-57.5575,62.62,87,100,15.01,AR,1730683118
483,carloforte,39.145,8.3058,64.0,64,0,5.55,IT,1730683391
484,tateyama,34.9833,139.8667,70.97,57,3,8.77,JP,1730683392
485,pajapan,18.25,-94.7,72.0,84,16,2.95,MX,1730683393
486,mukalla,14.5425,49.1242,76.95,67,0,0.18,YE,1730683395
487,cooper's town,26.8667,-77.5167,76.41,75,0,20.29,BS,1730683396
488,kerema,-7.9631,145.7785,82.35,76,100,7.29,PG,1730683397
489,launceston,-41.45,147.1667,62.24,44,75,16.11,AU,1730683398
490,kitakata,37.65,139.8667,60.28,59,0,2.21,JP,1730683399
491,turpan,42.9333,89.1667,48.49,50,6,1.36,CN,1730683400
492,vicuna,-30.0319,-70.7081,65.77,51,0,0.74,CL,1730683402
493,sabha,27.0377,14.4283,63.57,39,0,9.26,LY,1730683403
494,haiku-pauwela,20.9219,-156.3051,82.42,68,40,25.01,US,1730683404
495,la junta,37.985,-103.5438,56.17,50,100,10.36,US,1730683405
496,hilo,19.7297,-155.09,80.33,82,100,9.22,US,1730683398
497,suva,-18.1416,178.4415,80.08,74,40,10.36,FJ,1730683407
498,santa vitoria do palmar,-33.5189,-53.3681,66.42,94,100,12.44,BR,1730683408
499,astara,38.5,48.6667,48.18,98,100,5.97,AZ,1730683410
500,callao,-12.0667,-77.15,69.71,82,100,13.8,PE,1730683411
501,slavutych,51.5196,30.7343,42.21,58,100,15.99,UA,1730683412
502,yigo village,13.5361,144.8886,87.12,71,20,11.5,GU,1730683413
503,sarrebourg,48.7333,7.05,41.43,92,8,6.06,FR,1730683414
504,brookings,44.3114,-96.7984,50.18,98,100,17.27,US,1730683253
505,marion,39.7684,-86.1555,68.16,69,100,14.97,US,1730683416
506,kenai,60.5544,-151.2583,33.15,99,100,0.0,US,1730683417
507,al kharijah,25.4514,30.5464,63.73,54,0,4.21,EG,1730683419
508,avarua,-21.2078,-159.775,78.85,78,20,14.97,CK,1730683420
509,tortoli,39.9256,9.6572,62.13,88,0,6.91,IT,1730683421
510,beli,7.8587,10.9719,73.2,65,13,2.21,NG,1730683422
511,al mutayrifi,25.4788,49.5576,70.14,64,0,4.12,SA,1730683424
512,taytayan,7.7339,126.5019,84.56,69,100,3.29,PH,1730683426
513,jianshui,23.6363,102.8264,62.74,84,32,5.5,CN,1730683427
514,inongo,-1.95,18.2667,71.4,97,100,3.74,CD,1730683428
515,idri,27.5,13.2667,64.09,42,0,7.61,LY,1730683429
516,terra rica,-22.7094,-52.6169,73.22,91,100,8.37,BR,1730683430
517,inverell,-29.7833,151.1167,88.11,46,100,8.01,AU,1730683432
518,trincomalee,8.5711,81.2335,79.59,80,97,0.92,LK,1730683433
519,zarand,30.8127,56.564,63.45,38,0,3.38,IR,1730683434
520,namtsy,62.7161,129.6658,-6.93,95,94,1.66,RU,1730683435
521,kimbe,-5.5502,150.1429,86.18,67,18,5.91,PG,1730683436
522,tralee,52.2704,-9.7026,54.18,77,98,3.53,IE,1730683437
523,santiago papasquiaro,25.046,-105.4208,55.78,56,0,8.84,MX,1730683438
524,sinan,34.8262,126.1086,63.41,80,20,11.36,KR,1730683440
525,chinde,26.8212,87.7095,66.54,71,0,5.23,NP,1730683441
526,mo i rana,66.3128,14.1428,37.87,75,75,11.5,NO,1730683442
527,cambria,35.5641,-121.0808,58.05,74,0,5.99,US,1730683235
528,the dalles,45.5946,-121.1787,54.3,63,0,21.85,US,1730683444
529,talagutong,6.2644,125.6678,84.15,73,100,3.51,PH,1730683445
530,sechura,-5.5569,-80.8222,66.52,79,100,16.17,PE,1730683446
531,sao raimundo nonato,-9.0153,-42.6994,80.87,31,97,2.84,BR,1730683447
532,campos novos,-27.4017,-51.225,61.27,84,100,10.0,BR,1730683448
533,luanda,-8.8368,13.2343,78.8,83,20,6.91,AO,1730683240
534,mokhsogollokh,61.4681,128.9203,-0.8,90,100,1.66,RU,1730683451
535,najran,17.4924,44.1277,63.19,32,0,2.51,SA,1730683452
536,portland,45.5234,-122.6762,54.32,87,78,1.01,US,1730683238
537,geneseo,42.7959,-77.8169,43.03,69,78,4.12,US,1730683454
538,mchinji,-13.7984,32.8802,69.31,65,26,3.29,MW,1730683456
539,nova granada,-20.5339,-49.3142,69.57,92,100,4.07,BR,1730683457
540,fuglafjordur,62.244,-6.814,51.08,90,41,10.83,FO,1730683458
541,cidreira,-30.1811,-50.2056,70.54,82,100,18.75,BR,1730683460
542,kajaani,64.2273,27.7285,23.05,86,20,9.22,FI,1730683461
543,angaur state,6.906,134.13,83.86,75,96,19.33,PW,1730683462
544,masuguru,-11.3667,38.4167,76.08,78,1,5.17,TZ,1730683463
545,banikoara,11.2985,2.4386,73.26,30,65,5.35,BJ,1730683464
546,jayapura,-2.5333,140.7,87.19,66,100,5.82,ID,1730683465
547,kanniyakumari,8.0833,77.5667,79.86,78,100,9.6,IN,1730683466
548,nuuk,64.1835,-51.7216,21.81,79,40,6.04,GL,1730683467
549,thunder bay,48.4001,-89.3168,46.38,93,100,14.97,CA,1730683469
550,labytnangi,66.6572,66.4183,26.02,92,100,11.72,RU,1730683470
551,yingkou,40.6648,122.2283,42.3,64,4,21.54,CN,1730683471
552,minas de marcona,-15.2119,-75.1103,57.18,85,56,12.44,PE,1730683472
553,buka,40.8108,69.1986,59.25,35,100,3.85,UZ,1730683473
554,aswan,24.0934,32.907,65.5,39,0,3.44,EG,1730683474
555,murun-kuren,49.6342,100.1625,19.33,78,4,3.29,MN,1730683476
556,chillicothe,39.3331,-82.9824,60.26,77,0,0.0,US,1730683422
557,kodinsk,58.6881,99.1844,15.89,86,54,4.23,RU,1730683478
558,kapoeta,4.7717,33.5903,77.02,59,100,2.8,SS,1730683479
559,kindu,-2.95,25.95,70.09,99,100,1.77,CD,1730683480
560,cartagena,10.3997,-75.5144,82.02,78,20,10.36,CO,1730683186
561,es castell,39.8795,4.2854,68.68,88,75,8.05,ES,1730683482
562,senanga,-16.1167,23.2667,68.56,83,76,5.95,ZM,1730683484
563,kayangel,8.0823,134.7173,83.73,78,100,20.07,PW,1730683485
564,sao tome,0.3365,6.7273,78.51,86,100,6.55,ST,1730683486
565,marolambo,-20.05,48.1167,64.74,99,18,1.5,MG,1730683488
566,auki,-8.7676,160.7034,83.21,79,100,4.23,SB,1730683489
567,khandud,36.9513,72.318,32.56,46,0,2.42,AF,1730683490
568,hampton bays,40.869,-72.5176,47.86,65,7,7.0,US,1730683203
569,zemio,5.0314,25.1361,70.25,97,100,0.54,CF,1730683493
